{
	"title": "ЭС - подбор животного в зоопарк",
	"dict": {
        "группа животного": ["беспозвоночные", "позвоночные", "панцирные"], 
        "беспозвоночные": ["иглокожие", "раки", "паукообразные", "насекомые"], 
        "иглокожие": [ ], 
        "раки": ["краб", "омар" ], 
        "паукообразные": ["птициед", "сенокосец"], 
        "насекомые": ["богомол", "муравей-портной"], 
        "позвоночные": ["рыбы", "земноводные", "пресмыкающиеся", "птицы", "млекопитающие"], 
        "рыбы": ["океанская", "пресноводная", "аквариумная"], 
        "океанская": ["акула"], 
        "пресноводная": ["щука", "судак", "окунь"], 
        "аквариумная": ["гуппи"], 
        "земноводные": [ ], 
        "пресмыкающиеся": [ ], 
        "птицы": [ ], 
        "млекопитающие": ["грызуны", "насекомоядные", "хищные", "парнокопытные", "китообразные"], 
        "грызуны": ["белка", "хомяк"], 
        "насекомоядные": ["ёж"], 
        "хищные": [ ], 
        "парнокопытные": [ ], 
        "китообразные": ["дельфин"],
        "панцирные": [ ]


    }
}